method,recall_at_5,mrr,ndcg_at_5,reward,rewrite_cost,retrieval_calls
Gemini rewrite-all,1.0,1.0,0.8917504497922948,0.4174999999999999,1.0825,1.0
Gemini decompose,1.0,1.0,0.9492340261215593,0.39999999999999997,1.1,2.0
