method,seeds,total_test_examples,total_cache_hits,total_cache_misses,recall_at_5_mean,recall_at_5_std,mrr_mean,mrr_std,ndcg_at_5_mean,ndcg_at_5_std,reward_mean,reward_std,rewrite_cost_mean,rewrite_cost_std,retrieval_calls_mean,retrieval_calls_std
Gemini rewrite-all,3,12,24,0,0.75,0.2041241452319315,0.8083333333333332,0.2710575994548432,0.6979034359078162,0.20862985665455128,0.08583333333333322,0.3210810731817675,1.0683333333333334,0.008498365855987997,1.0,0.0
Gemini decompose,3,12,24,0,0.8333333333333334,0.15590239111558088,0.8541666666666666,0.10622957319984969,0.8097214078028688,0.15005496576220437,0.17708333333333326,0.1881110413795237,1.0833333333333333,0.018966344461235143,2.0,0.0
