dataset,policy,steps,mean_reward,mean_oracle_reward,mean_regret,final_cumulative_reward,final_cumulative_oracle_reward,final_cumulative_regret,oracle_match_rate,action_entropy,unique_actions
scifact,Full-information direct method,600,1.084425,1.1968027777777779,0.1123777777777778,650.6550000000041,718.0816666666669,67.42666666666686,0.23666666666666666,2.130550402098248,6
scifact,LinUCB selected-action replay,600,1.0600027777777778,1.1968027777777779,0.13680000000000003,636.0016666666722,718.0816666666669,82.08000000000033,0.17,1.2012123998911939,6
scifact,Epsilon-greedy selected-action replay,600,1.0513527777777778,1.1968027777777779,0.14545000000000002,630.811666666674,718.0816666666669,87.27000000000038,0.02,1.1638826274451153,6
scifact,Linear Thompson selected-action replay,600,1.0391444444444444,1.1968027777777779,0.15765833333333334,623.4866666666701,718.0816666666669,94.59500000000016,0.14833333333333334,2.4954634741633686,6
scifact,Train-best fixed action,600,1.0641666666666667,1.1968027777777779,0.13263611111111112,638.5000000000082,718.0816666666669,79.58166666666713,0.0,-0.0,1
scifact,Oracle action,600,1.1968027777777779,1.1968027777777779,0.0,718.0816666666669,718.0816666666669,0.0,1.0,1.1048354399480682,5
